Time(Iteration),UCB1,egreedy_0.1,LinUCB,IMFB
0,0.37735849056603776,0.3469387755102041,0.3673469387755102,0.36394557823129253
1,0.3018867924528302,0.3945578231292517,0.3867924528301887,0.42452830188679247
2,0.3490566037735849,0.40476190476190477,0.33962264150943394,0.27358490566037735
3,0.33962264150943394,0.36054421768707484,0.3333333333333333,0.44339622641509435
4,0.4056603773584906,0.3584905660377358,0.38095238095238093,0.32075471698113206
5,0.37735849056603776,0.32075471698113206,0.38095238095238093,0.3979591836734694
6,0.39622641509433965,0.4013605442176871,0.3435374149659864,0.36792452830188677
7,0.36792452830188677,0.3867924528301887,0.41496598639455784,0.3401360544217687
