Time(Iteration),UCB1,egreedy_0.1,IMFB
0,420.55741376414505,428.79010916566085,439.9541722070445
1,430.159235884125,423.3323938716271,448.46614371011765
