Time(Iteration),UCB1,egreedy_0.1,IMFB
0,97.68181700924552,104.37324647618458,171.0971196807413
1,85.35492250701667,79.77506397556544,172.58674428863299
2,82.18095798249959,86.15025551531285,175.45181453277198
