Time(Iteration),UCB1,egreedy_0.1,LinUCB,IMFB
0,0.125,0.12828132738979692,0.14743272246986958,0.1171875
