Time(Iteration),UCB1,egreedy_0.1,IMFB
0,327.98951696914594,340.59049430331106,337.3434746488614
1,339.44126351695604,343.15589251499745,321.2495795849125
