Time(Iteration),UCB1,egreedy_0.1,IMFB
0,390.8378264800538,374.1803145359547,450.35694563973976
