Time(Iteration),UCB1,egreedy_0.1,IMFB
0,160.29253246753245,173.45696248196245,172.67085137085135
1,164.78865440115442,169.21172438672437,168.54511183261184
