Time(Iteration),UCB1,egreedy_0.1,IMFB
0,217.64203073211775,168.58103763270307,237.76831650306931
1,257.42662576606415,206.13884646539162,217.25674498190992
2,180.23442369563557,146.33116151336276,238.8381739125595
3,184.88266657357278,245.64595084540895,264.41950028813574
4,232.59749354793502,194.15019061481942,229.33562865450477
