Time(Iteration),UCB1,egreedy_0.1,IMFB
0,105.49249834901767,102.32062334901767,92.72775559270266
