Time(Iteration),UCB1,egreedy_0.1,LinUCB,IMFB
0,-670.2084977069139,-700.4574145530866,-732.463292385971,-689.773573852803
1,-659.1739505907607,-679.6374731829395,-693.1724865865389,-744.4377768979322
2,-676.1082952680713,-731.5082307143724,-690.3617357201332,-702.1151231531311
3,-651.7947816728399,-698.6584905393233,-741.2633670402269,-762.2060266726105
4,-730.7576167200376,-685.9863850553976,-659.2923854035706,-713.3743110022806
