Time(Iteration),UCB1,egreedy_0.1,LinUCB,IMFB
0,0.8666666666666667,0.8444444444444444,0.9148418491484185,0.9213973799126638
1,0.8444444444444444,0.8666666666666667,0.8888888888888888,0.9099756690997567
2,0.8666666666666667,0.8444444444444444,0.8666666666666667,0.925764192139738
3,0.9148418491484185,0.8222222222222222,0.8444444444444444,0.9075425790754258
4,0.8888888888888888,0.9082969432314411,0.8908296943231441,0.9111111111111111
5,0.9082969432314411,0.8888888888888888,0.8888888888888888,0.9111111111111111
