Time(Iteration),UCB1,egreedy_0.1,IMFB
0,100.56467787786858,115.93835902674591,87.60640839111772
