Time(Iteration),UCB1,egreedy_0.1,IMFB
0,57.62072808320951,59.483939682392275,117.33562987555722
1,62.9082053822024,77.22185075119697,117.03187427769524
2,66.52338268222718,75.31752066307578,107.97478188975566
