Time(Iteration),UCB1,egreedy_0.1,LinUCB,IMFB
0,491.2135060068044,498.6722071634277,490.4011172543784,504.46113912391684
