Time(Iteration),UCB1,egreedy_0.1,LinUCB,IMFB
0,0.8666666666666667,0.8444444444444444,0.9082969432314411,0.9388646288209607
1,0.8444444444444444,0.8222222222222222,0.9082969432314411,0.8951965065502183
2,0.9111111111111111,0.8222222222222222,0.9365079365079365,0.9174603174603174
3,0.9111111111111111,0.8888888888888888,0.8666666666666667,0.9172749391727494
