Time(Iteration),UCB1,egreedy_0.1,LinUCB,IMFB
0,1789.6328246734888,1823.607708485271,1803.6984345048581,1810.6169459125174
1,1791.627398736568,1808.5582784767864,1808.2834106579733,1807.13694988154
