Time(Iteration),UCB1,egreedy_0.1,LinUCB,IMFB
0,-727.7744354570294,-699.1244326036565,-673.9868298779833,-727.9736114445096
