Time(Iteration),UCB1,egreedy_0.1,LinUCB,IMFB
0,0.3163265306122449,0.41509433962264153,0.3490566037735849,0.37735849056603776
1,0.29245283018867924,0.39622641509433965,0.3584905660377358,0.3018867924528302
2,0.36792452830188677,0.3113207547169811,0.3877551020408163,0.330188679245283
3,0.3584905660377358,0.40476190476190477,0.36054421768707484,0.3018867924528302
4,0.37735849056603776,0.3979591836734694,0.3843537414965986,0.36394557823129253
5,0.32075471698113206,0.3945578231292517,0.35034013605442177,0.3299319727891156
