Time(Iteration),UCB1,egreedy_0.1,LinUCB,IMFB
0,0.17821092934215108,0.1802993386703794,0.23494604942568745,0.22192028985507245
1,0.17028985507246377,0.16666666666666666,0.21890096618357488,0.23520531400966183
2,0.1678743961352657,0.17330917874396135,0.21823877479986079,0.2530193236714976
3,0.1766304347826087,0.17451690821256038,0.2234597981204316,0.23097826086956522
