Time(Iteration),UCB1,egreedy_0.1,IMFB
0,69.18311522308899,55.56240713224368,85.77525551531285
