Time(Iteration),UCB1,egreedy_0.1,IMFB
0,436.3132160155849,425.19857442921085,444.6322689965023
1,428.89461512210914,424.1862201727291,436.40800863906884
2,454.2059711986342,440.9618209142694,432.5297043020681
