Time(Iteration),UCB1,egreedy_0.1,IMFB
0,0.8962264150943396,0.8945578231292517,0.8773584905660378
1,0.8867924528301887,0.8679245283018868,0.8773584905660378
