Time(Iteration),UCB1,egreedy_0.1,IMFB
0,434.40476681242944,421.37953158590017,425.18679078512054
1,414.105685254584,424.4546451579282,433.458996488235
