Time(Iteration),UCB1,egreedy_0.1,IMFB
0,188.18431523552815,180.50314465408803,186.25567963034268
