Time(Iteration),UCB1,egreedy_0.1,IMFB
0,477.540979934723,475.62407828185087,488.16571705829347
