Time(Iteration),UCB1,egreedy_0.1,IMFB
0,178.92638888888888,186.1012085137085,184.85059523809522
