Time(Iteration),UCB1,egreedy_0.1,IMFB
0,396.09172319338387,392.60010513539345,416.8354157022088
1,401.4832688506293,381.9679852102126,422.32992867691814
