Time(Iteration),UCB1,egreedy_0.1,IMFB
0,474.4399140095695,485.15486084232776,492.0561585915298
