Time(Iteration),UCB1,egreedy_0.1,IMFB
0,480.30764660138965,481.30897050795375,475.5328008261072
1,472.7532268926015,464.93411451258004,482.39272612837146
2,471.7391403183103,480.3329879752026,479.5377498799645
3,478.6106063296769,478.56279735026425,485.33794689498956
4,482.2842867109976,482.4009291175963,478.5380633129589
5,469.63197750163295,479.74045223397536,474.5809149410144
