Time(Iteration),UCB1,egreedy_0.1,IMFB
0,464.50571181670216,471.55337488154555,480.32171744078806
1,482.27608372177275,473.62952639996274,478.5661341594405
2,473.66131138948214,482.39272612837146,471.6587234802547
3,475.6469520601832,472.7465349590361,475.69132213069673
4,486.3393256460034,476.41307807390746,480.41657101774393
5,482.31500688844267,482.4883355873188,476.6781038593999
