Time(Iteration),UCB1,egreedy_0.1,LinUCB,IMFB
0,-604.3038793705945,-571.5180762765929,-561.4857452634343,-566.1268646320832
