Time(Iteration),UCB1,egreedy_0.1,IMFB
0,103.23594149847283,124.52271132573883,119.35285684435364
