Time(Iteration),UCB1,egreedy_0.1,LinUCB,IMFB
0,-587.0307674415164,-609.476997946473,-578.5878972441664,-564.7899046384866
