Time(Iteration),UCB1,egreedy_0.1,LinUCB,IMFB
0,-620.4880271495583,-583.1343033987922,-579.7487975781971,-570.3454655935074
