Time(Iteration),UCB1,egreedy_0.1,IMFB
0,191.2738095238095,178.15656565656565,187.22045454545454
1,178.25027056277057,177.15483405483405,190.8928571428571
