Time(Iteration),UCB1,egreedy_0.1,LinUCB,IMFB
0,0.17219745748720489,0.17038137691926697,0.2289912497936272,0.22618457982499587
