Time(Iteration),UCB1,egreedy_0.1,IMFB
0,0.8632267711746882,0.9085729109905949,0.9162026644081277
1,0.8631178664901931,0.8655147561420471,0.9197879938213983
2,0.895676952024767,0.8991774091461721,0.9234463311137522
3,0.905334002192766,0.9366559760465348,0.9000524665076987
