Time(Iteration),UCB1,egreedy_0.1,LinUCB,IMFB
0,-787.8970897190358,-662.0385723294711,-672.768578881136,-689.6388324762936
1,-738.8541320222744,-726.2003348430926,-685.5737355431895,-709.7477781166384
2,-685.8406657303557,-708.6118565475746,-745.0061478357711,-694.067567405296
3,-672.4137137749477,-673.8805737929702,-740.9557596128386,-768.669606003941
4,-718.7815245964064,-727.2334168399839,-680.4564218608504,-700.7421172038443
