Time(Iteration),UCB1,egreedy_0.1,IMFB
0,883.0000000000001,872.9999999999999,19.0
1,1039.0,989.0,1036.0
