Time(Iteration),UCB1,egreedy_0.1,IMFB
0,28.918271082017718,25.760460788088817,29.097773071492753
