Time(Iteration),UCB1,egreedy_0.1,IMFB
0,0.9010555279815472,0.9162997046798405,0.9237805837493467
1,0.8782128652733949,0.8999238552612473,0.933803457527679
2,0.919171322626523,0.8997613456925604,0.9413692088890508
