Time(Iteration),UCB1,egreedy_0.1,IMFB
0,0.8842727216153411,0.8807392262783842,0.924392625546484
1,0.8474470262823305,0.8689509076402264,0.9099455653658312
