Time(Iteration),UCB1,egreedy_0.1,LinUCB,IMFB
0,-608.5088523624753,-596.097745929231,-571.2964538619515,-562.6659160363071
