Time(Iteration),UCB1,egreedy_0.1,IMFB
0,333.70919853741384,313.8956791275887,312.3092739738295
1,319.49657556113107,337.1154421024245,332.78637246970527
