Time(Iteration),UCB1,egreedy_0.1,IMFB
0,118.06398588410104,112.56399168833579,108.25462339545156
