Time(Iteration),UCB1,egreedy_0.1,LinUCB,IMFB
0,28.86664099602105,29.925555127711462,30.868951354126555,34.183577204466694
