Time(Iteration),UCB1,egreedy_0.1,IMFB
0,100.51801183032029,100.32305145389631,166.4512553914892
1,103.45984049962853,110.04492993643717,191.22699523794782
2,109.16992993643717,104.16621522618458,181.94878923662705
3,109.40696714545156,100.64325431835066,185.5493643718012
4,114.18588577781905,99.60764662786858,151.59549449500577
