Time(Iteration),UCB1,egreedy_0.1,LinUCB,IMFB
0,-599.6488540657201,-601.4974820413211,-592.1692893583241,-563.0283386482067
